ID,Prediction
1,
2,
3,
4,
5,FEFOFQUHYNZ3WONZRETF
6,
7,
8,
9,5NITCM6O7M3VYTFUOLGB
10,
11,
12,
13,
14,
15,
16,
17,
18,NPAIUS139K2A5T2IQZY9
19,
20,
21,
22,TF5E6V73PCP3C18OQIQ8
23,
24,
25,YQ4CBEH852FAR5AGTBS2
26,AVXDKKCKEB1EX8QABF7C
27,63BTNYH7OJ7XKBNYOV49
28,LGYI857RG7FXVFVGB7E3
29,
30,
31,
32,
33,
34,
35,8BKR52AIQ3SPVHAM2T2C
36,
37,R2DX08BDJE46A0NU6ZT3
38,
39,
40,
41,N5DAV420EZMYJ86MM2RF
42,
43,
44,BCYCKRK4YC1ACGOQ1771
45,89E536S85K7696K4824L
46,
47,EZRXQHXYJZ4AIZ15AFFM
48,
49,GWII2VNNDB5U74ZPYUUC
50,7KYQ1KSW9U7KWW9BW9CD
51,
52,
53,ET98RNOX26UAX013JLES
54,
55,
56,
57,
58,
59,
60,
61,
62,YWBRAOI6HLSTYKMIFQ8E
63,
64,
65,
66,
67,
68,
69,
70,
71,GKYGS8K1MQCHD15NCV9H
72,SIJP60T90447282IAP0G
73,
74,K7OOLNPK60WUC5PC6L0X
75,
76,KWOA6I12TE85P59HY272
77,
78,
79,
80,
81,
82,B9MBJBCG088X5HEQFYBP
83,
84,VS7FCHNSK6UBYHBG7Q6A
85,
86,
87,
88,
89,
90,Y3POCL0TOB48OA23PP4X
91,TUB8FKBT1F0HDJC4E5JJ
92,
93,
94,
95,TJ9DYTTIC1IEGOGDGKBG
96,FWRUHOKDX83UY4CXPGKT
97,
98,
99,8M9AGRKOW33JY9JC6P9E
100,
101,
102,
103,
104,
105,
106,
107,
108,
109,
110,
111,EJGRJWSOJBATCY9YF93R
112,
113,
114,
115,YYSH3K45WAXIY7EZHKIE
116,
117,
118,AOSXW13N9RQZ7CRZ7MJS
119,ZDPTZFSGG1ZQEOK4ORRB
120,
121,
122,
123,OPIB1TZHIT8QNYBZ1P9O
124,H6I4HVYJH8DFEEPM4PCT
125,
126,
127,
128,XW8XLJ2K9O5V12LLT4Q9
129,P299MVR0XGG51UWPSNKR
130,0JOJRS92O0TPMJQDTNHC
131,
132,
133,
134,
135,
136,
137,
138,
139,
140,
141,
142,
143,
144,
145,
146,
147,
148,RS00DAAA04UVGG3WALGS
149,A9N0QQ8IFFZ0Z89LYNFI
150,
151,K3ZC88XILS6Y9WPJWAUI
152,WMDQP6JCDDU6U8LEWVZY
153,
154,
155,6H2NCKWC0HFH00JGYY7R
156,
157,3XIVCTHI5M7QAWIS7UL0
158,JO0G95ECU0SBO7N2QOVD
159,LUS34SYEYV7H1CNKXF8M
160,
161,7F2PQX5LVC1XV9ZYTRR3
162,
163,
164,
165,0S8PT84E5DU0ZMX4OD91
166,216PENQ5527G3YQ4Z4DE
167,QMWHZO5E67APYHM3JL5M
168,
169,
170,
171,W10IQ4YD09M01A8WJOHP
172,
173,
174,
175,03IWB4JYRUE2LBPMN5X1
176,E8G8V81FIYVERSUPKPJY
177,
178,1UPUX15HK586V8Q1DK4W
179,
180,PG8BUHZGV31HO9YMICWC
181,
182,
183,
184,
185,
186,
187,
188,YQYXB1LM2SNGPBTHHJ1D
189,
190,
191,
192,
193,
194,FJQSR2P1Y2T2XU5RK63T
195,
196,
197,
198,
199,ZEA2Y4H4NX6JST0J3IY8
200,
